{
  "train_accs": [
    0.8276,
    0.8169,
    0.9668
  ],
  "val_accs": [
    0.761,
    0.7607,
    0.9209
  ],
  "dkl_pq": [
    2.707205057144165,
    2.7563157081604004,
    5.777585029602051
  ],
  "dkl_qp": [
    1.6592674255371094,
    1.085088849067688,
    11.725753784179688
  ],
  "symmetric_dkl": [
    4.366472482681274,
    3.8414045572280884,
    17.50333881378174
  ],
  "avg_symmetric_dkl": 8.5704052845637
}