{
  "train_accs": [
    0.9591,
    0.9694,
    0.9755
  ],
  "val_accs": [
    0.9274,
    0.9253,
    0.9614
  ],
  "dkl_pq": [
    4.443815231323242,
    5.879891395568848,
    4.66179084777832
  ],
  "dkl_qp": [
    3.9399852752685547,
    4.925292015075684,
    15.716096878051758
  ],
  "symmetric_dkl": [
    8.383800506591797,
    10.805183410644531,
    20.377887725830078
  ],
  "avg_symmetric_dkl": 13.188957214355469
}