{
  "train_accs": [
    0.9005,
    0.9216,
    0.991
  ],
  "val_accs": [
    0.8783,
    0.8707,
    0.9809
  ],
  "dkl_pq": [
    3.172201156616211,
    4.072437763214111,
    7.233234405517578
  ],
  "dkl_qp": [
    2.5218098163604736,
    9.796805381774902,
    23.90433120727539
  ],
  "symmetric_dkl": [
    5.694010972976685,
    13.869243144989014,
    31.13756561279297
  ],
  "avg_symmetric_dkl": 16.900273243586224
}