{
  "train_accs": [
    0.9739,
    0.9714,
    0.9537
  ],
  "val_accs": [
    0.9242,
    0.9273,
    0.9007
  ],
  "dkl_pq": [
    7.808700084686279,
    5.97971248626709,
    4.117386817932129
  ],
  "dkl_qp": [
    4.453364372253418,
    4.056821823120117,
    3.3139772415161133
  ],
  "symmetric_dkl": [
    12.262064456939697,
    10.036534309387207,
    7.431364059448242
  ],
  "avg_symmetric_dkl": 9.909987608591715
}