{
  "train_accs": [
    0.9008,
    0.9527,
    0.8249
  ],
  "val_accs": [
    0.8722,
    0.904,
    0.7622
  ],
  "dkl_pq": [
    3.136248826980591,
    3.8875648975372314,
    1.454388976097107
  ],
  "dkl_qp": [
    2.084397554397583,
    2.878490686416626,
    0.7557528614997864
  ],
  "symmetric_dkl": [
    5.220646381378174,
    6.766055583953857,
    2.2101418375968933
  ],
  "avg_symmetric_dkl": 4.732281267642975
}