{
  "train_accs": [
    0.9926,
    0.973,
    0.9483
  ],
  "val_accs": [
    0.9834,
    0.9681,
    0.9135
  ],
  "dkl_pq": [
    12.79679012298584,
    5.011707782745361,
    2.767458915710449
  ],
  "dkl_qp": [
    16.234394073486328,
    33.708614349365234,
    5.5398640632629395
  ],
  "symmetric_dkl": [
    29.031184196472168,
    38.720322132110596,
    8.307322978973389
  ],
  "avg_symmetric_dkl": 25.35294310251872
}