{
  "train_accs": [
    0.9914,
    0.9955,
    0.986
  ],
  "val_accs": [
    0.9895,
    0.9837,
    0.9666
  ],
  "dkl_pq": [
    11.06400203704834,
    11.68895435333252,
    7.234749794006348
  ],
  "dkl_qp": [
    23.54956817626953,
    27.48089027404785,
    17.490428924560547
  ],
  "symmetric_dkl": [
    34.61357021331787,
    39.16984462738037,
    24.725178718566895
  ],
  "avg_symmetric_dkl": 32.83619785308838
}