{
  "train_accs": [
    0.9838,
    0.9376,
    0.9883
  ],
  "val_accs": [
    0.9538,
    0.9069,
    0.9729
  ],
  "dkl_pq": [
    8.683053016662598,
    4.1339569091796875,
    6.913724899291992
  ],
  "dkl_qp": [
    9.2846097946167,
    4.1533708572387695,
    13.4891996383667
  ],
  "symmetric_dkl": [
    17.967662811279297,
    8.287327766418457,
    20.40292453765869
  ],
  "avg_symmetric_dkl": 15.552638371785482
}