{
  "train_accs": [
    0.9868,
    0.9986,
    0.9794
  ],
  "val_accs": [
    0.9581,
    0.9955,
    0.9126
  ],
  "dkl_pq": [
    5.940986156463623,
    40.39236831665039,
    9.480921745300293
  ],
  "dkl_qp": [
    10.703983306884766,
    61.77961730957031,
    8.895401954650879
  ],
  "symmetric_dkl": [
    16.64496946334839,
    102.1719856262207,
    18.376323699951172
  ],
  "avg_symmetric_dkl": 45.73109292984009
}