{
  "train_accs": [
    0.9944,
    0.9751,
    0.9712
  ],
  "val_accs": [
    0.9838,
    0.9178,
    0.9469
  ],
  "dkl_pq": [
    6.844550132751465,
    5.8764142990112305,
    2.4801270961761475
  ],
  "dkl_qp": [
    16.76910400390625,
    8.304262161254883,
    15.971452713012695
  ],
  "symmetric_dkl": [
    23.613654136657715,
    14.180676460266113,
    18.451579809188843
  ],
  "avg_symmetric_dkl": 18.748636802037556
}