{
  "train_accs": [
    0.9201,
    0.9028,
    0.93
  ],
  "val_accs": [
    0.8521,
    0.8531,
    0.8727
  ],
  "dkl_pq": [
    4.7234787940979,
    3.644862174987793,
    4.95727014541626
  ],
  "dkl_qp": [
    2.3722918033599854,
    2.4296326637268066,
    2.8275487422943115
  ],
  "symmetric_dkl": [
    7.095770597457886,
    6.0744948387146,
    7.784818887710571
  ],
  "avg_symmetric_dkl": 6.985028107961019
}