{
  "train_accs": [
    0.9116,
    0.9109,
    0.9175
  ],
  "val_accs": [
    0.8707,
    0.8683,
    0.8652
  ],
  "dkl_pq": [
    4.494659900665283,
    3.5255446434020996,
    5.265315055847168
  ],
  "dkl_qp": [
    2.2735416889190674,
    3.0623104572296143,
    5.516740798950195
  ],
  "symmetric_dkl": [
    6.768201589584351,
    6.587855100631714,
    10.782055854797363
  ],
  "avg_symmetric_dkl": 8.046037515004477
}